индикатор,3
электрическа€,2
конфорки,2
мощность,2
температуры,2
удобна€,2
антипригарное,2
покрытие,2
нагрева,2
плитка,1
каждой,1
дисковый,1
нагревательный,1
элемент,1
плавна€,1
регулировка,1
защита,1
перегрева,1
световой,1
работы,1
плита,1
настольна€,1
конфорочна€,1
эльбрус,1
спираль,1
максимальна€,1
втэмалированна€,1
рабоча€,1
механический,1
крышкапресс,1
ненагревающейс€,1
ручкой,1
пластин,1
плавающа€,1
верхн€€,1
пластина,1
позвол€ет,1
готовить,1
продукты,1
любой,1
высоты,1
удобный,1
фиксатор,1
верхней,1
пластины,1
место,1
намотки,1
шнура,1
книга,1
рецептов,1
подарок,1
размер,1
блинов,1
температура,1
быстрый,1
нагрев,1
автоматическое,1
поддержание,1
кнопка,1
беспроводна€,1
система,1
вращение,1
ручка,1
корпус,1
термостойкого,1
пластика,1
резиновые,1
ножки,1
против,1
скольжени€,1
теста,1
комплекте,1
дл€,0
это,0
при,0
что,0
без,0
вам,0
этого,0
всех,0
или,0
и,0
