плита,19
плитка,16
или,16
электрическая,15
поверхность,14
легко,13
нагрева,11
плитки,11
конфорки,11
приготовления,10
плиты,10
конфорок,10
конфорка,10
под,9
посуды,9
можно,9
индукционная,9
очень,8
имеет,8
поверхности,8
кухне,8
использовании,7
шкафа,7
варочной,7
благодаря,7
нагревается,7
мощности,7
индукционной,6
использования,6
помощью,6
газа,6
быстро,6
оснащена,6
любой,6
она,6
настольная,6
более,5
посуда,5
духового,5
сможете,5
панели,5
также,5
управления,5
количество,5
блюд,5
делает,5
модели,5
плитку,5
пищи,5
уровень,5
ток,5
температуры,5
сама,5
поэтому,4
есть,4
газовая,4
позволяет,4
места,4
духовки,4
только,4
панель,4
работы,4
духовка,4
варочная,4
удобным,4
таймер,4
которая,4
ней,4
цвет,4
случае,4
отключения,4
шкаф,4
ножки,4
эмалью,4
удобно,4
использовать,4
выбирать,4
функция,4
мощность,4
конфоркой,4
прибора,3
еды,3
режимов,3
плите,3
посуду,3
хранения,3
дверца,3
дизайну,3
дверцы,3
просто,3
обеспечивают,3
выполнена,3
корпусе,3
типа,3
конфорками,3
диаметр,3
очищается,3
загрязнений,3
станет,3
процесс,3
эксплуатации,3
даче,3
корпус,3
покрыт,3
одна,3
стали,3
конфорку,3
переключателя,3
пищу,3
безопасность,3
загрязнения,3
объем,3
белый,3
двумя,3
готовить,3
несколько,3
прибор,3
дисплеем,3
управлении,3
непосредственно,3
перегрева,3
потребляемая,3
включения,3
регулировка,3
даже,3
индикатор,3
собой,3
который,3
технологии,2
вашей,2
индукционных,2
том,2
рабочая,2
время,2
устройство,2
безопасно,2
можете,2
выбрать,2
один,2
зависимости,2
свою,2
устройством,2
эта,2
полностью,2
больше,2
удобного,2
дает,2
кухонных,2
вас,2
выглядит,2
чистится,2
переключатель,2
жарочного,2
решеткой,2
домашней,2
установки,2
индукционного,2
наличие,2
определения,2
остаточного,2
сенсорным,2
поверхностью,2
материал,2
высокой,2
дополнена,2
таймером,2
отключением,2
рабочей,2
зоной,2
отключение,2
детей,2
встраивания,2
смглубина,2
самых,2
очистки,2
применения,2
ящик,2
может,2
удобна,2
внезапного,2
квартире,2
ненадобностью,2
всегда,2
убрать,2
кухонный,2
счет,2
своей,2
компактности,2
требует,2
много,2
устойчивые,2
короткие,2
которые,2
дадут,2
прибору,2
скользить,2
столешнице,2
белой,2
гармоничной,2
кухни,2