плита,278
электрическая,204
имеет,132
квт,100
оснащена,100
конфорки,94
поверхность,88
приготовления,86
позволяет,82
конфорками,80
плиты,80
можно,80
духовки,74
работы,72
объемом,68
модель,68
мощность,66
нагрева,66
модели,64
посуды,62
легко,62
тепла,62
духовка,60
блюда,58
также,58
поверхности,56
благодаря,54
она,54
шкафа,54
особенности,52
шкаф,52
время,52
готовки,52
эмалью,52
блюд,52
пищи,50
составляет,50
варочная,48
духовой,48
электроплита,48
духового,48
оборудована,46
мощности,44
части,44
ящик,44
остаточного,44
быстро,42
готовить,42
поэтому,42
дверца,40
стеклокерамики,40
хранения,38
гриль,38
есть,38
управления,36
которые,36
устройства,36
устройство,36
помощью,36
которая,36
поворотных,34
корпус,34
варочной,34
внутри,34
процесс,34
подсветка,34
электрической,34
стекла,34
решетка,32
режимов,32
выполнена,32
шкафом,32
кухне,30
нагрев,30
загрязнений,30
изготовлена,30
который,30
цвета,30
конфорок,30
отличается,30
духовым,30
оборудования,30
обеспечивает,28
очищается,28
литров,28
является,28
пользователь,28
панель,28
габариты,26
его,26
нижней,26
температура,26
кухонных,26
принадлежностей,26
прибора,26
оборудование,24
техника,24
относится,24
данная,24
четырьмя,24
духовкой,24
сможет,24
индикация,24
как,24
размера,22
помощи,22
техники,22
откидной,22
противень,22
переключатели,22
максимальная,22
дополнительные,22
объем,22
покрыта,22
эксплуатации,22
диаметром,22
так,22
переключателей,22
плите,22
разного,22
диаметра,22
управление,20
функций,20
электроэнергии,20
классу,20
нижний,20
кухни,20
дизайн,20
поверхностью,20
типа,20
другие,20
предусмотрен,20
других,20
стали,20
зоны,20
использования,20
режима,18
большой,18
основные,18
характеристики,18
таймер,18
мощностью,18
прибор,18
конструкции,18
дверцей,18
стеклом,18
выдвижной,18
цвете,18
позволяют,18
среди,18
материалы,18
всем,18
режимами,18
предусмотрена,18
электроплиты,18
все,18
покрытие,16
имеют,16
размеры,16
приготовить,16
бытовой,16
механическим,16
предусмотрены,16
использовании,16
плиту,16
переключателями,16
высокой,16
потребляемая,16
сведения,16
противня,16
внутреннего,16
наличие,16
температуру,16
расположен,16
достаточно,16
кухонного,16
белого,16
любой,16
подходит,14
посуду,14
нагревается,14
комплект,14
входят,14
управлением,14
механические,14
достоинств,14
этой,14
даже,14
вместительный,14
быстрее,14
верхний,14
одновременно,14
отлично,14
вместительным,14
ящиком,14
хранить,14
духовке,14
такие,14
блюдо,14
возможность,14
