отзывы,10
индукционная,4
плита,4
отзыв,4
публикуются,4
содержащие,4
вопросы,4
модели,3
описание,2
очень,2
также,2
чтобы,2
ваш,2
был,2
опубликован,2
нем,2
нужно,2
рассказать,2
своем,2
опыте,2
использования,2
товара,2
которому,2
относится,2
опишите,2
чем,2
понравился,2
товар,2
наоборот,2
какими,2
неудобствами,2
столкнулись,2
частности,2
написанные,2
заглавными,2
буквами,2
относящиеся,2
конкретным,2
товарам,2
ссылки,2
другие,2
сайты,2
ненормативную,2
лексику,2
личные,2
оскорбления,2
аналогичные,2
размещенным,2
ранее,2
можете,2
задать,2
нашим,2
специалистам,2
телефону,2
горячей,2
линии,2
указанному,2
шапке,2
сайта,2
написать,2
консультанту,2
варочная,2
поверхность,2
эксклюзивная,1
эргономичная,1
новинка,1
корпусом,1
пластика,1
стеклокерамики,1
приятно,1
удивляющая,1
своей,1
такой,1
чрезвычайно,1
практичный,1
удобный,1
прибор,1
станет,1
идеальным,1
решением,1
небольшой,1
кухни,1
дачи,1
эта,1
стильная,1
способна,1
многое,1
имеет,1
шесть,1
автоматических,1
программ,1
обжаривание,1
фритюр,1
тушение,1
варка,1
жарка,1
кипячение,1
предусмотрена,1
восьмиуровневая,1
регулировка,1
мощности,1
позволяющая,1
подобрать,1
оптимальный,1
режим,1
приготовления,1
блюда,1
такие,1
полезные,1
функции,1
как,1
быстрый,1
нагрев,1
автоподогрев,1
значительно,1
упростят,1
повседневную,1
жизнь,1
цифровым,1
дисплеем,1
снабжена,1
таймером,1
отключения,1
который,1
гарантирует,1
прекращение,1
работы,1
плиты,1
через,1
указанное,1
время,1
будете,1
довольны,1
этим,1
современным,1
компактным,1
аппаратом,1
гениальное,1
плоско,1
устройство,1
созданное,1
использованием,1
передовых,1
европейских,1
японских,1
технологий,1
воплощающих,1
себе,1
новейшие,1
разработки,1
области,1
электроники,1
магнитной,1
индукции,1
такая,1
безопасна,1
проста,1
удобна,1
управлении,1
для,0
вам,0
или,0
это,0
при,0
что,0
без,0
этого,0
всех,0
и,0
