плита,249
электрическая,203
шкафа,132
имеет,120
жарочного,93
конфорки,92
блюд,89
приготовления,82
духовка,65
готовить,64
оснащена,64
конфорками,61
плиты,58
обеспечивает,57
модель,56
одновременно,54
объем,52
дверцы,50
поверхность,49
благодаря,49
объемом,48
блюда,45
духовки,44
посуды,43
составляет,42
нагрева,42
лысьва,41
духового,39
поверхности,38
варочной,38
литров,38
легко,37
ящик,37
оборудована,36
шкаф,36
использования,35
можно,35
позволяет,34
внутренней,33
модели,33
стеклокерамики,33
процесс,32
таймер,32
несколько,32
она,30
цвете,29
варочная,29
панели,29
кухни,28
конфорок,28
тепла,28
также,27
нескольких,27
помощи,27
пищи,27
время,27
хранения,27
выполнена,26
четырьмя,26
управления,26
работы,25
двойное,25
выдвижной,25
поможет,25
поворотных,25
остаточного,25
уровнях,24
дверца,24
управление,24
переключателей,24
духовкой,23
части,23
духовой,23
кухне,23
позволит,23
режимов,22
эпс,22
удобно,22
конструкцию,22
остекление,21
усиливает,21
теплоизоляцию,21
принадлежностей,21
переключатели,20
приготовлением,20
удобный,20
гриль,20
панель,20
позволяют,19
контроль,19
когда,19
способствует,19
любой,19
приготовление,19
которой,18
освещение,18
визуальный,18
открывания,18
особенно,18
готовятся,18
конструкции,18
процесса,18
который,18
кухонных,18
грилем,18
гриля,18
является,18
подсветка,17
подсветку,17
чистки,17
сможете,17
которые,17
размеры,16
лампой,16
яркую,16
специальной,16
петель,16
снимается,16
предоставляя,16
подход,16
быстро,16
функций,16
вместительная,16
четыре,16
переключателями,15
качество,15
управлении,15
размера,15
функция,15
помощью,15
дизайн,15
поворотные,14
которая,14
поворотными,14
вашей,14
отлично,14
устройство,14
жарочный,14
подсветкой,14
дверцей,14
квт,13
удобству,13
которого,13
камеры,13
эмалью,13
приводом,13
очистки,13
хрустящей,13
корочки,13
полностью,13
индикаторами,13
конвекции,13
отличается,13
изготовлена,13
стеклом,13
белом,12
составляют,12
классу,12
диаметра,12
мощности,12
его,12
четырех,12
сразу,12
мяса,12
приготовить,12
еще,12
ящиком,12
набор,12
необходимых,12
наличие,12
так,12
данная,12
комфортного,12
которых,12
решение,11
кто,11
блюдо,11
устройства,11
интерьер,11
будет,11
решеткой,11
стекло,11
все,11
духовке,11
или,11
расположены,11
выбор,11
двойным,11
режима,10
контролировать,10
классический,10
простая,10
поэтому,10
разного,10
устройством,10
вертел,10
более,10
различного,10
произведена,10
осуществлять,10
