плита,6
можно,5
духового,4
электрическая,3
шкафа,3
поверхность,3
четыре,3
диаметром,3
включается,3
нагрева,3
квт,3
таймер,3
пределах,3
составляет,3
только,3
конфорки,3
панели,2
рабочая,2
температура,2
превысит,2
индикатор,2
используя,2
режимах,2
конвекция,2
возможность,2
блюда,2
программировать,2
когда,2
отдельно,2
модель,2
духовым,2
шкафом,2
ручек,2
его,2
посуды,2
минут,2
универсальное,1
оборудование,1
состоящее,1
варочной,1
разделена,1
зоны,1
конфорка,1
поворотом,1
соответствующей,1
ручки,1
часовой,1
стрелке,1
мощность,1
регулировать,1
максимальный,1
показатель,1
достигает,1
если,1
минутный,1
будете,1
своевременно,1
получать,1
звуковые,1
напоминания,1
предназначена,1
установки,1
пол,1
смобъем,1
внутренней,1
камеры,1
литровкорпус,1
изготовлен,1
нержавеющей,1
часдуховка,1
работает,1
нескольких,1
включить,1
верхнийнижний,1
нагреватель,1
либо,1
оба,1
сразу,1
установив,1
камеру,1
решетку,1
вертел,1
получите,1
готовить,1
гриле,1
подает,1
сигнал,1
автоматически,1
отключает,1
систему,1
двух,1
часов,1
освещение,1
автономно,1
очень,1
удобно,1
нужно,1
отмыть,1
внутренние,1
поверхности,1
газовая,1
устанавливаемая,1
вместительным,1
эмалированная,1
закрыта,1
решетками,1
включают,1
помощью,1
отдельных,1
электроподжиг,1
спичку,1
активировать,1
звуковое,1
оповещение,1
которое,1
напомнит,1
необходимости,1
произвести,1
запланированное,1
действие,1
диапазоне,1
оборудования,1
позволяют,1
установить,1
даже,1
небольшой,1
кухнеобъем,1
отсека,1
литровплиту,1
нельзя,1
размещать,1
близости,1
дна,1
должен,1
соответствовать,1
размеру,1
пламени,1
устройство,1
приготовления,1
пищи,1
конфорками,1
электрической,1
духовкой,1
программами,1
также,1
имеет,1
ящик,1
хранения,1
расположенный,1
снизу,1
откидную,1
крышку,1
закрывающую,1
егоширина,1
плиты,1
окрашена,1
белый,1
цвет,1
варочная,1
изготовлена,1
жаростойкой,1
стеклокерамики,1
мощностью,1
управляются,1
посредством,1
расположенных,1
управления,1
загорается,1
после,1
отключения,1
остывает,1
медленно,1
оставаясь,1
горячей,1
еще,1
протяжении,1
дает,1
использовать,1
тепло,1
тратя,1
устанавливается,1
габариты,1
час,1
превышает,1
квтконструкция,1
укомплектована,1
выдвижным,1
посудным,1
ящикомдуховка,1
может,1
работать,1
четырех,1
верхний,1
нижний,1
полный,1
нагрев,1
гриль,1
размораживании,1
функционирует,1
вентилятор,1
