плита,12
квт,11
электрическая,7
имеет,7
оснащена,7
конфорок,6
духовки,5
гриль,5
духовка,4
варочной,4
таймер,4
кухни,3
конфорками,3
управление,3
ящик,3
поворотными,3
переключателями,3
мощность,3
белый,3
поверхностью,3
дверца,3
подсветка,3
механический,3
духовкой,3
тэн,3
отлично,2
небольшого,2
мощности,2
поворотные,2
переключатели,2
посуды,2
поверхность,2
выполнена,2
стали,2
дверцы,2
варочная,2
размеры,2
она,2
духового,2
шкафа,2
впишется,2
интерьер,2
любой,2
выдвижной,2
кухне,2
конвекция,2
ножки,2
электрический,2
духовой,2
работы,2
объем,2
литра,2
класс,2
оборудована,2
вместительной,2
компактные,1
габариты,1
поэтому,1
подойдет,1
размера,1
различного,1
диаметра,1
механическое,1
обеспечивают,1
удобство,1
простоту,1
пользования,1
устройством,1
чугунными,1
двойным,1
стеклом,1
внутри,1
расположен,1
рабочая,1
эмалированной,1
механическими,1
плитацвет,1
белыйматериал,1
шарнир,1
дверцытип,1
вхшхг,1
смвес,1
брутто,1
нетто,1
является,1
удобным,1
выбором,1
домов,1
квартир,1
расположенной,1
сверху,1
привлекающей,1
своей,1
идеальной,1
гладкостью,1
ниже,1
находится,1
объемистого,1
работой,1
поверхности,1
сосредоточено,1
передней,1
панели,1
оснащенной,1
простыми,1
практичной,1
электроплиты,1
получившая,1
лампу,1
подсветки,1
позволяет,1
располагать,1
вошедшие,1
комплект,1
противни,1
решетку,1
отличаясь,1
простым,1
функциональным,1
дизайном,1
сравнительно,1
небольшими,1
габаритами,1
органично,1
домашней,1
небольшой,1
находящийся,1
снизу,1
предназначен,1
хранения,1
способствует,1
сохранению,1
полезного,1
пространства,1
вертел,1
электроприводом,1
регулировочные,1
двойная,1
проволочные,1
направляющие,1
турбо,1
электрогриль,1
зоны,1
нагрева,1
индикатор,1
остаточного,1
тепла,1
шкаф,1
режимов,1
функция,1
очистки,1
паром,1
покрытие,1
эмали,1
возможностью,1
закрытой,1
дверце,1
теромстат,1
съемная,1
стеклами,1
регулируемые,1
противень,1
решетка,1
нижняя,1
кухонной,1
утвари,1
автоотключением,1
цвет,1
черном,1
исполнении,1
электрической,1
панелью,1
простое,1
плавное,1
закрывание,1
делают,1
использование,1
прибора,1
комфортным,1
паровая,1
очистка,1
облегчает,1
уход,1
внутренней,1
рабочей,1
конфорки,1
практичными,1
функциональное,1
решение,1
вашей,1
отличного,1
качества,1
конвекцию,1
кухонный,1
большой,1
печи,1
черный,1
традиционную,1
прочную,1
конструкцию,1
