позволит,99
плита,93
блюда,88
перейти,86
описанию,86
электрическая,79
готовить,69
поверхность,65
конфорки,53
ней,47
плитой,45
ухаживать,45
просто,44
труда,43
рабочая,43
которой,41
расположены,41
поэтому,40
электрической,39
благодаря,39
пользоваться,37
конфорок,37
наличие,36
семьи,36
так,36
всей,35
поможет,35
этой,34
легкостью,33
ваш,32
удобное,31
управление,31
любые,31
гостей,31
семью,30
всю,29
механическое,28
приготовления,28
очень,27
эмали,27
духовки,27
изготовлена,26
впишется,23
интерьер,23
электроэнергии,23
класс,23
любимые,23
приготовить,23
красивому,22
дизайну,22
позволяет,22
интуитивно,22
понятное,22
корочкой,21
приготовите,20
подсветка,20
полностью,20
контролировать,20
процесс,20
функция,20
идеально,19
готовьте,19
поворотными,19
переключателями,19
эта,18
посуды,18
большой,18
объем,18
камеры,18
выполнена,17
удобно,16
поджаристой,16
быстро,15
готовка,15
вашей,15
имеется,15
обеспечивает,15
стеклокерамики,15
много,14
времени,14
количество,14
румяной,14
гриля,14
сил,13
литров,13
расходовать,13
меньше,13
вас,13
объемом,12
после,12
большое,12
также,12
блюд,12
экономит,12
бюджет,12
легко,11
удовольствием,11
равномерное,11
займет,10
выпечки,10
расход,10
кухни,9
нагреваются,9
готовки,9
духовом,9
шкафу,9
блюдо,9
индикатор,9
остаточного,9
тепла,9
еще,9
будет,8
помыть,8
пищи,8
ящик,8
удобство,8
помощник,8
кухне,8
хранения,8
конфорка,8
конвекции,8
нагрева,8
остыла,8
всегда,8
духовка,7
комфорт,7
друзей,7
приятно,7
возможность,7
выпечку,7
приготовление,7
любом,7
месте,7
внутри,7
составит,7
двухконтурная,7
сторон,7
электрическими,7
конфорками,7
место,7
предупредит,7
том,7
вместительная,6
гладкая,6
решение,6
она,6
прекрасно,6
сократить,6
гриль,6
конвекция,6
сможете,6
время,6
абсолютно,6
можно,5
кухонный,5
духовке,5
даст,5
сочные,5
духового,5
шкафа,5
работу,5
вкусные,5
удобному,5
механическому,5
управлению,5
сделаете,5
площадь,5
настоящие,4
шедевры,4
нагревается,4
самое,4
приятное,4
поверхности,4
отнимет,4
мгновенно,4
плиты,4
несколько,4
множество,4
моментально,4
таймера,4
прибора,4
определенное,4
чего,4
произойдет,4
отключение,4
порадует,4
изменять,4
пропекание,4
каждый,4
день,4
лишних,4
создадите,3
кулинарные,3
сделать,3
простое,3
простой,3
уход,3
большому,3
объему,3
обед,3
