поверхность,69
приготовления,64
конфорки,48
конфорок,42
мощности,41
плитка,40
мощность,38
работы,38
температуры,36
варочная,32
рабочая,32
электрическая,30
газа,30
нагрева,28
диаметр,28
легко,27
посуды,27
процесс,25
эмалированная,24
пищи,23
управление,23
индикатор,23
защита,22
ней,22
блюд,22
плита,21
которая,21
поворотные,21
индукционная,20
панель,20
переключатели,20
возможность,20
количество,20
имеет,19
конфорка,19
панелью,19
световой,19
конфорку,18
стали,17
перегрева,17
управления,17
варочной,17
газовая,17
упрощает,17
нержавеющей,17
компактная,17
прибор,17
поверхности,16
время,16
благодаря,16
пламени,16
электроплитка,16
решение,16
терморегулятор,16
тип,15
ножки,14
регулировка,14
режимов,14
модель,14
так,13
таймер,13
который,13
работу,13
блюда,13
сенсорное,12
уровней,12
быстро,12
функция,12
впишется,12
интерьер,12
кухни,12
значительно,12
индикация,11
нагревается,11
посуду,11
использовать,11
готовить,11
плиты,11
стекло,11
сети,11
своим,11
компактным,11
размерам,11
органично,11
вашей,11
сделает,11
ежедневный,11
еды,11
комфортным,11
материала,11
располагаются,11
разные,11
диаметру,11
них,11
значит,11
сможете,11
выбрать,11
оптимальную,11
разнообразных,11
встроен,11
электроподжиг,11
температура,11
мыть,10
прорезиненные,10
позволяет,10
случае,10
скачков,10
напряжения,10
регулировки,10
механические,10
одноконфорочная,9
нагрев,9
помещении,9
функцию,9
напряжение,9
система,9
быстрого,9
условий,9
повышенной,9
поэтому,8
она,8
детей,8
настольная,8
плит,8
пользования,8
чугуна,8
даче,8
часов,8
четыре,8
режима,8
дач,8
квартир,8
близких,8
потребляемая,8
длина,8
защитного,8
отключения,8
просто,8
дачи,8
квартиры,8
ручки,8
вид,8
нагревательного,8
элемента,8
номинальная,8
корпус,7
можно,7
практически,7
оснащена,7
нагревает,7
индукционных,7
вес,7
технологии,7
вероятность,7
разогрева,7
выглядит,7
использовании,7
размер,7
изготовления,7
делает,7
удобным,7
диаметром,7
начните,7
изысканные,7
вместе,7
лучшее,7
прочих,7
походным,7
дает,7
оперативно,7
разогревать,7
необходимой,7
электронное,7
пятью,7
плавными,7
сетевого,7
кабеля,7
отличное,7
квт,7
есть,7
замок,7
штуки,7
параметры,7
описание,7
чугунные,7
газконтроль,7
матовыми,7
крышками,7
магистрального,7
баллоне,7
круглые,7
пластиковые,7
ножка,7
крышка,7
хромированная,7
штука,7
поворотный,7
механический,7
переключатель,7
нагревательным,6
