плита,313
электрическая,258
позволяет,227
можно,227
приготовления,224
благодаря,161
имеет,159
блюд,158
поверхность,155
оснащена,153
модель,150
также,149
конфорками,138
работы,136
устройство,131
нагрева,130
посуды,127
шкаф,126
плиты,119
температуры,118
устройства,117
есть,112
помощью,110
объемом,107
блюда,102
шкафа,99
панели,99
четырьмя,98
хранения,98
электрической,98
обеспечивает,95
духового,95
конфорки,95
покрытие,94
духовой,93
поэтому,93
модели,91
части,90
духовки,90
загрязнений,90
пищи,88
ящик,85
время,84
которые,83
как,82
камеры,81
управления,77
готовить,75
использовать,75
очищается,75
квт,75
эмалью,74
разного,73
режим,71
четыре,71
жира,71
поворотных,71
пользователь,71
панель,70
варочная,70
плитка,69
тепла,68
одновременно,68
функция,68
легко,68
фронтальной,68
диаметра,67
составляет,67
процесс,65
решетка,65
так,64
типа,64
которая,64
несколько,64
посредством,63
управление,63
мощности,61
двойным,61
мяса,60
позволяют,58
гриль,58
поверхности,57
контролировать,57
диаметром,57
мощность,57
мощностью,56
система,55
осуществляется,55
размера,55
продуктов,54
посуду,54
керамическая,53
остаточного,52
нагревается,52
воздуха,52
времени,52
дверца,51
режимов,51
плитой,50
выдвижной,49
противень,49
равномерно,48
относится,48
дверцу,48
стеклокерамики,48
комплекте,48
нижней,47
нескольких,47
классу,46
быстро,45
приготовить,45
ожогов,45
переключателей,45
дверцы,44
может,44
эксплуатации,44
использования,43
стекла,43
внутри,43
оборудована,43
откидная,43
тепло,43
других,43
продукты,42
корочкой,42
различных,42
механическим,42
счет,41
хрустящей,41
мясо,41
механических,41
конструкции,41
противней,40
зоны,40
запекать,40
которых,39
запекания,39
рабочей,38
подсветка,38
снабжена,38
обладает,37
покрыты,37
конвекции,37
стеклом,37
помогает,37
который,36
корпуса,36
кастрюль,36
объем,36
сковороды,36
устройством,36
таймер,36
дарина,36
процессом,35
удобно,35
оптимально,35
режима,35
достаточно,35
кастрюли,35
варочной,35
передней,34
поворотные,34
материал,34
гриля,34
чтобы,34
все,34
всего,34
характеризуется,34
влажной,34
загрязнения,33
значительно,33
способствует,33
поворотными,32
рабочая,32
равномерное,32
верхнего,32
помощи,32
конфорок,32
расположены,32
температуру,31
гладкой,31
сковородок,31
получения,31
подходит,31
корочки,31
эмалированное,31
рыбы,31
предусмотрена,30
возможность,30
предотвращает,30
воздействию,30
чугунными,30
переключатели,29
противни,29
духовом,29
освещение,29
другие,29
большого,29
сохраняет,29
конвекция,29
